"linear_predictor","residual","model"
1.88973571007678,1.80818744533066,"Clinical Cox"
0.909620997409836,-0.0589353864159802,"Clinical Cox"
1.36186494334051,0.416028210380637,"Clinical Cox"
1.83294168292801,-0.1360179970168,"Clinical Cox"
0.843343586639033,1.82276827713252,"Clinical Cox"
0.276375185258166,-1.22248839587771,"Clinical Cox"
1.31546285293026,0.361339675763572,"Clinical Cox"
1.38614124674646,1.53149685743701,"Clinical Cox"
1.22695840071847,0.0598856153796485,"Clinical Cox"
0.186776065090173,0.745092200810594,"Clinical Cox"
0.116320265634068,0.379781592832469,"Clinical Cox"
1.75892141909941,-0.254440938155902,"Clinical Cox"
0.877311751433857,0.965413955860361,"Clinical Cox"
2.0054329422899,0.58276794222696,"Clinical Cox"
1.0106778493494,1.48942590654962,"Clinical Cox"
1.37992706358083,1.53502604906344,"Clinical Cox"
2.01030326882288,0.835615352500925,"Clinical Cox"
0.554403140595014,-0.386399176836111,"Clinical Cox"
1.89181237488336,-0.19821112304393,"Clinical Cox"
-0.392289434912237,1.55925612472201,"Clinical Cox"
0.556903794006205,-1.34432508666484,"Clinical Cox"
0.160273742173119,-1.29078001279171,"Clinical Cox"
1.72693432657475,-1.26654261707298,"Clinical Cox"
0.880784406436068,-0.197006534591472,"Clinical Cox"
1.0690973807744,1.25481540469418,"Clinical Cox"
2.14049687388656,-1.2224740504528,"Clinical Cox"
1.04131680230024,-0.0763648578745353,"Clinical Cox"
0.875946182563867,0.487316146309085,"Clinical Cox"
0.912086575009011,0.0337089266987695,"Clinical Cox"
0.787864012609038,0.648596003454991,"Clinical Cox"
1.61683864330689,1.94378733718407,"Clinical Cox"
0.282026153170302,0.358836040020403,"Clinical Cox"
1.28354901162936,1.58914728488705,"Clinical Cox"
0.499698988199422,-1.64994200498823,"Clinical Cox"
1.83275683241718,0.964374238386024,"Clinical Cox"
1.70628788268551,0.596691215979585,"Clinical Cox"
1.50736587797904,0.374785702957189,"Clinical Cox"
0.239154707453788,-1.11338926738779,"Clinical Cox"
-0.187789314930467,-0.833297304947532,"Clinical Cox"
0.673970740962547,0.616858257973597,"Clinical Cox"
1.97753888935606,1.76299844327569,"Clinical Cox"
1.5711075329706,-0.905115176557439,"Clinical Cox"
-0.288654117678434,1.39155063657194,"Clinical Cox"
1.4571323535409,1.49082987679358,"Clinical Cox"
1.06281888356653,-1.50429997478599,"Clinical Cox"
1.62738921066119,-1.09034449534257,"Clinical Cox"
1.58269706812532,0.695223134613506,"Clinical Cox"
0.951347608498589,1.1486603318484,"Clinical Cox"
2.14771788340845,-1.23290743050927,"Clinical Cox"
1.35087603903551,-2.37208879277862,"Clinical Cox"
-0.395022016615876,1.31786494423036,"Clinical Cox"
1.89248725374671,0.257459584346405,"Clinical Cox"
-0.7265881886121,-0.696463219249389,"Clinical Cox"
0.558129675215449,-1.69885667776153,"Clinical Cox"
0.0415984643399563,0.88277552732735,"Clinical Cox"
-0.2463802951181,-0.89964957575497,"Clinical Cox"
0.0171359540666498,0.843871411428331,"Clinical Cox"
1.03967908156081,-1.5626880280339,"Clinical Cox"
0.7219277160386,0.26423803671103,"Clinical Cox"
1.53045519440718,-0.126808863910398,"Clinical Cox"
1.08270931780472,1.44746840086086,"Clinical Cox"
0.431851990540224,1.26296966096425,"Clinical Cox"
1.08962447470142,0.469976564601222,"Clinical Cox"
1.94439894229023,0.63212057235365,"Clinical Cox"
1.41177581646458,0.457596349325163,"Clinical Cox"
0.713316700011479,-1.4307691247896,"Clinical Cox"
1.22159963889703,2.12844071558087,"Clinical Cox"
1.84643816898811,1.83018237998858,"Clinical Cox"
0.963305077599184,0.412540690515359,"Clinical Cox"
0.282496937954085,-1.171973013406,"Clinical Cox"
1.40536959631391,0.671717272643793,"Clinical Cox"
1.01658734154756,0.297316764166371,"Clinical Cox"
0.715731267315653,0.656037738318281,"Clinical Cox"
1.4697691689902,2.01402797615183,"Clinical Cox"
1.41571790273754,-0.087581405674628,"Clinical Cox"
1.56348386825106,-0.744447707899553,"Clinical Cox"
-0.284187404940393,0.660842508110195,"Clinical Cox"
0.593402072880998,0.5463585140572,"Clinical Cox"
1.81877304553228,0.730972288410183,"Clinical Cox"
1.63467276735753,1.38620493990405,"Clinical Cox"
1.05334783980296,0.747751196634492,"Clinical Cox"
0.379454902730371,1.5006979963394,"Clinical Cox"
1.43992829356462,-0.838444313480178,"Clinical Cox"
1.08638065480638,0.556738720873433,"Clinical Cox"
0.306025127222491,1.1331512479403,"Clinical Cox"
1.17142688444699,0.324822402416453,"Clinical Cox"
0.462251728967818,1.02736672372091,"Clinical Cox"
1.05895581888619,1.07669514608616,"Clinical Cox"
0.246938525148243,0.589916927651133,"Clinical Cox"
1.4806148531854,0.211591205686255,"Clinical Cox"
0.89278922250753,1.04870767040411,"Clinical Cox"
1.37178462560331,1.27181647750485,"Clinical Cox"
1.10243761426108,-1.58843407556301,"Clinical Cox"
1.64155365950745,1.9317950429465,"Clinical Cox"
0.076303850027613,1.34861596745917,"Clinical Cox"
1.11030515785698,-2.10325358838859,"Clinical Cox"
0.896017628098483,1.79590768003052,"Clinical Cox"
0.678250333625745,0.414845949590185,"Clinical Cox"
1.55270062135969,-0.461796308029212,"Clinical Cox"
0.426240050748104,1.63255796866385,"Clinical Cox"
0.383194846102251,-1.26259086199705,"Clinical Cox"
0.959092883032937,2.24430902645064,"Clinical Cox"
-0.181099726766461,-1.01055279958678,"Clinical Cox"
1.4870837911061,-1.95445188442172,"Clinical Cox"
1.92651273651603,-0.235463281273654,"Clinical Cox"
1.77926962090368,1.86393668765652,"Clinical Cox"
0.667722929901996,0.596088292961868,"Clinical Cox"
0.532265019665916,1.5739702162684,"Clinical Cox"
0.589134250653864,2.39957007497676,"Clinical Cox"
0.452724107436739,0.660274498616124,"Clinical Cox"
1.63165513647084,-0.119146678377462,"Clinical Cox"
1.14994771768029,-1.72585124749463,"Clinical Cox"
2.41679876339276,-3.06463736446884,"Clinical Cox"
0.677227787108248,0.339492401421191,"Clinical Cox"
1.59636967799194,1.95367760805107,"Clinical Cox"
1.73598801898526,1.88545563983445,"Clinical Cox"
0.573270926239861,-1.37977467915694,"Clinical Cox"
2.23809591722072,-0.0776017645411374,"Clinical Cox"
1.59892611596218,-0.43376323664762,"Clinical Cox"
1.23784521780543,-0.306774534024316,"Clinical Cox"
1.16360735334642,1.65494026807127,"Clinical Cox"
1.6553194669121,1.08705332630859,"Clinical Cox"
1.66425496551755,-2.58469612403378,"Clinical Cox"
1.63361535530031,0.368667675548705,"Clinical Cox"
1.88363588068688,0.680383371754717,"Clinical Cox"
2.05242767082555,-1.00050166961827,"Clinical Cox"
2.17662856223017,1.65748945238696,"Clinical Cox"
1.60710268212598,1.40273496753686,"Clinical Cox"
0.869454901178182,1.20212054243772,"Clinical Cox"
0.862785626119158,1.06919207174976,"Clinical Cox"
-0.423355303711976,1.08659517244818,"Clinical Cox"
0.293873098141198,1.42975805430768,"Clinical Cox"
1.25772224677826,0.0295789565536401,"Clinical Cox"
0.563045314850713,1.09985474746245,"Clinical Cox"
-0.175433544834653,-0.809937206435181,"Clinical Cox"
0.438470249677831,-0.0186182211576032,"Clinical Cox"
1.27189304728721,-1.86596421926822,"Clinical Cox"
1.51177195041892,-1.02669079980795,"Clinical Cox"
2.53828201985213,0.411782078275467,"Clinical Cox"
0.878256772863812,-1.44151735704061,"Clinical Cox"
1.41801407641593,-0.673568050748355,"Clinical Cox"
0.639525276854723,-1.36014871349455,"Clinical Cox"
0.531828495980598,0.638040025697107,"Clinical Cox"
0.75623286881467,-1.33595487731736,"Clinical Cox"
0.247848290705767,-1.45472196069326,"Clinical Cox"
0.57934720249211,-1.34483727658882,"Clinical Cox"
0.445294745616706,0.320848025587279,"Clinical Cox"
0.979879680058697,-0.131438166458336,"Clinical Cox"
1.86431564094294,0.465323953267066,"Clinical Cox"
1.95876619669965,-0.153753958263162,"Clinical Cox"
0.869726095808357,-1.35222835336993,"Clinical Cox"
0.453029002200468,-1.25025620854402,"Clinical Cox"
0.519426626416465,-1.43442014016589,"Clinical Cox"
1.10728569764705,1.68526125918275,"Clinical Cox"
0.631155254223198,-1.76203302776735,"Clinical Cox"
1.5208488046822,-2.22998047263172,"Clinical Cox"
1.27497436896983,-0.773576904943868,"Clinical Cox"
1.4424797931391,-1.99767987227309,"Clinical Cox"
1.55567745927979,-0.465249793114561,"Clinical Cox"
1.15146766793988,-0.212766584601227,"Clinical Cox"
0.574695124880015,-1.6091087544803,"Clinical Cox"
1.35937006757041,-0.972884667617801,"Clinical Cox"
2.15990689879239,-0.136547617024969,"Clinical Cox"
0.410637025090616,1.06279313678,"Clinical Cox"
2.20334819929517,-1.07992966753137,"Clinical Cox"
1.38885834313675,2.05188028633333,"Clinical Cox"
1.70336121268152,-0.79859254912795,"Clinical Cox"
1.11394993129896,0.128791038329721,"Clinical Cox"
1.36973108202145,1.27310760261555,"Clinical Cox"
0.231635608962435,1.90407262410908,"Clinical Cox"
0.45518093905439,0.498129639399851,"Clinical Cox"
2.09799664816056,1.69968109874133,"Clinical Cox"
0.872314429670667,0.028569124157253,"Clinical Cox"
0.831185488792647,-1.40798645399306,"Clinical Cox"
1.07296102600608,0.484102488909337,"Clinical Cox"
1.1819431540772,0.740602577168695,"Clinical Cox"
1.20900509704211,-0.153204369552929,"Clinical Cox"
0.081587477279375,1.47500800609094,"Clinical Cox"
1.92231751556406,0.415506670310929,"Clinical Cox"
0.805519769891343,0.546169589349315,"Clinical Cox"
0.64659625122943,-1.64609851438855,"Clinical Cox"
0.985560979965538,0.486422999757508,"Clinical Cox"
1.57553500955633,0.314211005249292,"Clinical Cox"
0.981121318196561,-1.97169495037056,"Clinical Cox"
1.80264612910927,1.28312653531924,"Clinical Cox"
0.785832301983637,-0.875877456765818,"Clinical Cox"
1.74020232601894,1.88336820344191,"Clinical Cox"
0.403603914445578,0.60453704016961,"Clinical Cox"
-0.150202482986265,-0.943969855872859,"Clinical Cox"
2.48823256000745,1.48309836521547,"Clinical Cox"
1.39596566936862,0.83759746534958,"Clinical Cox"
1.16387929436913,0.121075147717286,"Clinical Cox"
0.330640781448297,-0.0781178299566605,"Clinical Cox"
1.3728358900483,-0.900435157785592,"Clinical Cox"
0.435218715226591,-0.0153482537622295,"Clinical Cox"
0.786048534964661,-1.37656623110827,"Clinical Cox"
0.867405049468633,0.731408831028784,"Clinical Cox"
1.01171997022227,-1.68758781498413,"Clinical Cox"
1.73268082363861,0.400228991190198,"Clinical Cox"
0.551764564114976,-1.15346804768728,"Clinical Cox"
0.987328528738868,0.133507939415625,"Clinical Cox"
1.81874587824044,-1.24834133032569,"Clinical Cox"
0.10604716759797,-0.987585813926147,"Clinical Cox"
1.01765182362772,0.325061919434907,"Clinical Cox"
0.598567832983107,1.94404878019393,"Clinical Cox"
1.33724358078425,0.880847778285524,"Clinical Cox"
1.42199689859311,2.03644326080494,"Clinical Cox"
1.28846766593519,1.32368715934942,"Clinical Cox"
1.05978936572897,-0.0620918075291488,"Clinical Cox"
1.19504388525937,0.636694717960123,"Clinical Cox"
1.68422916934238,0.442130280212389,"Clinical Cox"
0.761299235472876,2.32842002730974,"Clinical Cox"
-0.142941609347274,-0.82320288529286,"Clinical Cox"
0.899781069262616,0.626793703449484,"Clinical Cox"
-0.128998592622957,-0.938994650196536,"Clinical Cox"
2.06048172412129,-0.499315973102721,"Clinical Cox"
0.681273213419663,0.732197893890078,"Clinical Cox"
1.66403540001079,0.630778832308563,"Clinical Cox"
0.825991340318333,1.23005124708149,"Clinical Cox"
-0.415895061108144,-1.04387851124414,"Clinical Cox"
1.98087522168496,-2.23904116777575,"Clinical Cox"
0.573151258851093,-1.71166447473548,"Clinical Cox"
1.24566108175719,-1.89699439576623,"Clinical Cox"
1.37540406233727,0.404273325910008,"Clinical Cox"
1.34101130002826,-0.0969882089584283,"Clinical Cox"
0.506972027592753,0.369783060883418,"Clinical Cox"
3.17865637369345,-0.578754931781452,"Clinical Cox"
1.7721868182639,-0.0731288413589889,"Clinical Cox"
1.44002295084795,-2.44763267188364,"Clinical Cox"
1.95416746681424,1.18646447772792,"Clinical Cox"
0.976759984962742,-0.257064300391137,"Clinical Cox"
1.23130615863165,-1.63651878636491,"Clinical Cox"
1.22987175871907,-2.08010077921657,"Clinical Cox"
2.68296403360417,-1.74220788377398,"Clinical Cox"
0.41272375888255,0.763807673283788,"Clinical Cox"
0.463609986995887,1.32736365141943,"Clinical Cox"
-0.399907920905354,-0.816180322964473,"Clinical Cox"
1.92046902381571,1.79246029621835,"Clinical Cox"
0.891953844390759,1.55711413800131,"Clinical Cox"
0.603550401869376,0.5379551679728,"Clinical Cox"
1.44531369031002,0.150307485645411,"Clinical Cox"
1.85174607744628,0.705373660578983,"Clinical Cox"
-0.123229116415059,-0.993646255276352,"Clinical Cox"
0.00393072554366825,-1.19372084371787,"Clinical Cox"
2.58901513077283,1.42405229740496,"Clinical Cox"
0.390058392695102,1.65224836870487,"Clinical Cox"
1.37177380447877,0.311156202010235,"Clinical Cox"
1.59582662690152,1.12692853396787,"Clinical Cox"
1.68873385583074,1.90874708158846,"Clinical Cox"
0.601067556733637,-1.39908510295876,"Clinical Cox"
1.06030867317726,0.494780465715375,"Clinical Cox"
0.208260140200489,0.794839595529182,"Clinical Cox"
0.392404876792053,0.126607355322961,"Clinical Cox"
0.213485795478429,1.2634884495964,"Clinical Cox"
0.325963118427437,1.25449378829706,"Clinical Cox"
1.28110501704359,1.59050493837975,"Clinical Cox"
1.30507130978053,0.547225251774151,"Clinical Cox"
0.438244574899898,0.61547170246568,"Clinical Cox"
0.532430413606516,-1.14237110915631,"Clinical Cox"
0.685887359834443,-1.8109187707189,"Clinical Cox"
1.01469877127138,0.367601306272903,"Clinical Cox"
0.561262409578972,-1.70151979627432,"Clinical Cox"
2.01521637815835,1.14647336020252,"Clinical Cox"
0.610849240027814,0.276790984530072,"Clinical Cox"
1.25828730002982,0.504359748518357,"Clinical Cox"
1.8613296519485,0.285861809883107,"Clinical Cox"
2.51806074201548,-0.535481560720223,"Clinical Cox"
0.832383949889598,-1.51138427757201,"Clinical Cox"
1.38846952562728,-2.00528974591039,"Clinical Cox"
0.948317472739172,-0.637487469224272,"Clinical Cox"
1.17286147679863,-1.80946307737978,"Clinical Cox"
1.31250031050145,0.273888154470166,"Clinical Cox"
2.31078898980604,0.943662114556555,"Clinical Cox"
1.90295194571626,-0.414942050997225,"Clinical Cox"
0.891819415373357,0.334064061353736,"Clinical Cox"
1.11113418091656,0.378265671958637,"Clinical Cox"
-0.199043478752797,-0.784696681034079,"Clinical Cox"
0.286703369540658,-1.11162188136391,"Clinical Cox"
0.986602476471942,0.431976700686273,"Clinical Cox"
1.3790668371811,1.53551420995196,"Clinical Cox"
0.0876708384412299,-1.063191905477,"Clinical Cox"
0.0146824350480439,-1.1658263237745,"Clinical Cox"
0.715210554043054,-1.51111202405479,"Clinical Cox"
1.55130653412483,-0.729113193810035,"Clinical Cox"
0.937387979278221,-1.46261196624956,"Clinical Cox"
0.0966081174089255,1.26850750504611,"Clinical Cox"
0.63368022326717,-1.76425897200656,"Clinical Cox"
1.58554308872901,0.215299363791772,"Clinical Cox"
0.257917174358187,0.520796652209398,"Clinical Cox"
1.98929791144256,-0.515154342211971,"Clinical Cox"
0.621458893524712,-1.75351104860568,"Clinical Cox"
2.23990933449603,0.659327773193705,"Clinical Cox"
1.70625764962249,0.423157380921203,"Clinical Cox"
-0.0840471460352359,0.319603475162113,"Clinical Cox"
-0.315050289242933,-1.03128721987291,"Clinical Cox"
1.39523651479793,0.679708472988171,"Clinical Cox"
1.80757759335396,0.982136598750377,"Clinical Cox"
0.812120028237931,0.773784302477883,"Clinical Cox"
0.434094499482207,0.170905836632323,"Clinical Cox"
1.02970784891872,1.47840783176324,"Clinical Cox"
1.81514318096558,0.733775557092192,"Clinical Cox"
1.20091921991999,-0.168452352264585,"Clinical Cox"
0.968770057056003,0.0894898477248368,"Clinical Cox"
0.286302795056049,-1.3930342645512,"Clinical Cox"
1.49216896246773,1.19497450391991,"Clinical Cox"
0.239259039004023,0.862407575392601,"Clinical Cox"
1.90639531187097,0.429270523883358,"Clinical Cox"
1.65180287746939,1.37588040348838,"Clinical Cox"
1.9318438496911,-1.05072711854743,"Clinical Cox"
1.24972176112977,0.944027862191727,"Clinical Cox"
0.839902557902072,1.22114440134288,"Clinical Cox"
0.513059761816864,0.743531969907547,"Clinical Cox"
1.37307193866187,-2.07115080192283,"Clinical Cox"
0.738812062304724,-0.0760961992552593,"Clinical Cox"
1.99215426026655,-0.0862780437648985,"Clinical Cox"
0.978448305803549,0.729764012821832,"Clinical Cox"
0.762869068274629,0.961976252508398,"Clinical Cox"
1.73145483015694,-0.58977737585384,"Clinical Cox"
1.85408037118057,1.82631379780823,"Clinical Cox"
0.735964874640482,-0.450981500222262,"Clinical Cox"
0.786341964482033,1.4278576854902,"Clinical Cox"
0.600710840233697,0.178099362450177,"Clinical Cox"
1.58036007115519,-0.261914872598458,"Clinical Cox"
1.64002949869555,0.164204322301549,"Clinical Cox"
1.78229572889677,0.534284840488757,"Clinical Cox"
1.18853572450642,1.17807500229034,"Clinical Cox"
0.769885892903658,-1.4792605980017,"Clinical Cox"
2.23363176353492,0.998139343007474,"Clinical Cox"
0.898330838363226,0.864217823323928,"Clinical Cox"
0.7202524751078,1.29676449535527,"Clinical Cox"
2.29147621233085,0.33898198832513,"Clinical Cox"
0.727086766830704,0.762030134476936,"Clinical Cox"
0.922286002360336,1.53999043035384,"Clinical Cox"
0.589111421256467,-1.62074935200833,"Clinical Cox"
0.804308054059017,1.01656608623288,"Clinical Cox"
-0.00177230842639142,0.785147660542321,"Clinical Cox"
0.285364746718085,0.436258523794722,"Clinical Cox"
0.317541076970889,0.457113707050662,"Clinical Cox"
1.61528845328556,1.94453768264958,"Clinical Cox"
1.12204189183843,-0.1263124572547,"Clinical Cox"
0.366826903121862,-1.24445564118594,"Clinical Cox"
-0.368379267238159,0.659220672992087,"Clinical Cox"
0.49636423058136,0.756341760504588,"Clinical Cox"
0.473466629332708,-1.62844237432464,"Clinical Cox"
0.272435935830592,-1.28878309074697,"Clinical Cox"
0.212002573446254,0.477099988226785,"Clinical Cox"
-0.403461018228569,1.26504949143878,"Clinical Cox"
1.09817205368466,0.804338065338647,"Clinical Cox"
0.953516866880643,-1.47445480703289,"Clinical Cox"
1.156684261561,0.0374618886806899,"Clinical Cox"
1.6810899504369,-0.288005130771501,"Clinical Cox"
0.118916895180592,0.912802102789101,"Clinical Cox"
0.514885629906888,0.362804732152062,"Clinical Cox"
0.447732649148016,0.318662741965977,"Clinical Cox"
0.935089193773401,1.3382814918438,"Clinical Cox"
0.408102316150911,-1.57608165679168,"Clinical Cox"
0.93161733160299,0.681340184013138,"Clinical Cox"
1.40819368536064,-0.298455471580402,"Clinical Cox"
0.16135347336993,2.14755266019904,"Clinical Cox"
1.26627742861837,1.12687360834484,"Clinical Cox"
0.923855790555122,-0.485194576038415,"Clinical Cox"
0.331309122850185,1.18805862049432,"Clinical Cox"
0.549450797689798,-1.30025032333859,"Clinical Cox"
1.42367103426113,0.816945220095721,"Clinical Cox"
0.806334011897587,1.8414748455715,"Clinical Cox"
2.00934773131542,0.0170013363374984,"Clinical Cox"
0.993015383486182,-1.83238805231309,"Clinical Cox"
0.516663756381385,-1.27910841147594,"Clinical Cox"
1.27804200366101,1.59220544391942,"Clinical Cox"
0.985040080782623,0.13569488372163,"Clinical Cox"
0.701313916498984,0.352411670558641,"Clinical Cox"
1.34853508339277,0.331973601312853,"Clinical Cox"
1.59415239818437,-0.701526280832706,"Clinical Cox"
2.33292914963409,1.57150046582901,"Clinical Cox"
0.551366622668223,-0.0297724912034421,"Clinical Cox"
2.93582346461479,1.20980858563691,"Clinical Cox"
1.64724885797097,0.860336509384974,"Clinical Cox"
0.129760582237048,1.52501386041481,"Clinical Cox"
2.45003752636425,1.50512471625875,"Clinical Cox"
0.596877214918651,1.53759726996983,"Clinical Cox"
2.00078825781049,0.842676566231823,"Clinical Cox"
2.16395830724111,0.718927561156031,"Clinical Cox"
0.135952461537174,-1.1157698969751,"Clinical Cox"
0.225503753250039,0.872507480622809,"Clinical Cox"
0.511332574402722,0.555901761743851,"Clinical Cox"
1.01881891434562,2.21838527836115,"Clinical Cox"
1.10906936501593,1.6843064961613,"Clinical Cox"
0.469780361973191,0.810544958724231,"Clinical Cox"
1.2733763327104,0.398274930499759,"Clinical Cox"
1.34736678306887,0.162915119743318,"Clinical Cox"
-0.62281989647557,-0.705434375988915,"Clinical Cox"
1.6516555531538,-2.72083169069729,"Clinical Cox"
1.03290557124093,0.517767609306224,"Clinical Cox"
0.267536069930854,0.148600242173069,"Clinical Cox"
0.821633105957789,2.30303963755586,"Clinical Cox"
1.46078526051109,0.789026762194193,"Clinical Cox"
1.00246956166587,1.29665262107269,"Clinical Cox"
2.16345354594202,0.719319296850668,"Clinical Cox"
1.32807204995285,1.29916103222858,"Clinical Cox"
1.12093941204374,0.887476723472432,"Clinical Cox"
0.7978725261113,1.02102783810538,"Clinical Cox"
1.75757085505169,1.8747473740145,"Clinical Cox"
1.92863096903596,1.203011020741,"Clinical Cox"
1.73470562366034,0.795157635900734,"Clinical Cox"
1.2570236333773,0.786411084356014,"Clinical Cox"
1.88807527676294,1.22907351979841,"Clinical Cox"
1.14212704724154,-1.70494344843011,"Clinical Cox"
1.58119914173478,-1.94939250091339,"Clinical Cox"
0.154788703797311,-1.01999244670284,"Clinical Cox"
-0.373283283832773,-0.819705427175474,"Clinical Cox"
0.425469799984797,2.46554058626698,"Clinical Cox"
1.13967182998722,0.353095417747986,"Clinical Cox"
2.18429744824003,0.178908946584782,"Clinical Cox"
1.00978015617428,-1.43613257387901,"Clinical Cox"
1.24619615475336,1.14019646214937,"Clinical Cox"
0.211967767429428,-1.42885657771052,"Clinical Cox"
1.03777445685328,-0.192498409155627,"Clinical Cox"
1.73492919137085,0.794988962354566,"Clinical Cox"
0.971413087067267,-0.00550650458547205,"Clinical Cox"
2.0691782755789,1.71497195372957,"Clinical Cox"
1.23789248689004,0.206779693262381,"Clinical Cox"
1.44010981193217,0.534184573315032,"Clinical Cox"
-0.185983866848467,-1.1000338600681,"Clinical Cox"
1.42992426237074,1.01568324942694,"Clinical Cox"
0.633197217064688,-1.37458574273245,"Clinical Cox"
1.54930348697164,1.43704699405244,"Clinical Cox"
0.900465453635876,-1.76422798343624,"Clinical Cox"
1.28256875558871,-0.577393472557763,"Clinical Cox"
0.370139127615284,0.425538003789969,"Clinical Cox"
0.801554579646917,-0.0721586667906669,"Clinical Cox"
1.14891516192214,0.419127548158385,"Clinical Cox"
2.30738903864835,0.605257023683347,"Clinical Cox"
1.99344675513146,0.592530485623192,"Clinical Cox"
1.02191454133803,0.958672905831249,"Clinical Cox"
0.312822053010807,0.958430611253828,"Clinical Cox"
0.85887818418171,0.978424296150035,"Clinical Cox"
1.0117468504403,0.370201956594577,"Clinical Cox"
1.14947114646808,2.16078363488437,"Clinical Cox"
1.89024197121445,1.80792915322605,"Clinical Cox"
1.20142765139909,0.828164552439994,"Clinical Cox"
1.08485646609036,-0.486846461251218,"Clinical Cox"
0.0498713493231269,1.99191976327404,"Clinical Cox"
1.32453971205917,1.30135805976753,"Clinical Cox"
1.49810847958893,-1.93592278730403,"Clinical Cox"
1.06882102692488,0.415177924506145,"Clinical Cox"
1.14784723159992,-1.87604184981312,"Clinical Cox"
1.03696111387953,-1.6905940524236,"Clinical Cox"
0.604712143753769,-0.0371958443874775,"Clinical Cox"
1.56856079385686,0.320467837562632,"Clinical Cox"
1.33193461061886,0.441840947282993,"Clinical Cox"
1.83137595390778,-0.547738324988857,"Clinical Cox"
2.90581288072556,1.22906912338434,"Clinical Cox"
1.40700321077899,0.829388969538877,"Clinical Cox"
1.80499909763457,-0.679633407310695,"Clinical Cox"
0.330059861558365,-1.09592397838079,"Clinical Cox"
1.40226051345406,2.04564806094276,"Clinical Cox"
1.15804671854472,-0.573499775738916,"Clinical Cox"
0.245353042579508,-1.15040806331264,"Clinical Cox"
1.16582005836371,0.65997449505311,"Clinical Cox"
0.899660277459529,0.949553688781004,"Clinical Cox"
0.338126677785805,0.90751282000386,"Clinical Cox"
0.59621127415957,1.53797480624586,"Clinical Cox"
0.696994520487327,0.150398008272622,"Clinical Cox"
0.868850412429551,-1.86406222990757,"Clinical Cox"
-0.395354062306974,-1.05465490963756,"Clinical Cox"
1.16621920336184,0.659657872250272,"Clinical Cox"
1.55645752920597,-1.24867255472935,"Clinical Cox"
1.86170508280807,0.467545408569317,"Clinical Cox"
0.996239654946128,0.879895880533218,"Clinical Cox"
0.136006166080688,-1.08919977892668,"Clinical Cox"
2.27993643424368,1.60097936423823,"Clinical Cox"
-0.148671032261321,-1.29906117302234,"Clinical Cox"
1.32125396537243,0.892503529994818,"Clinical Cox"
0.894580108772834,-1.566500034708,"Clinical Cox"
2.06233270652351,0.291494623902944,"Clinical Cox"
1.26608135136129,2.10829592265415,"Clinical Cox"
0.922231591172559,1.16779420655967,"Clinical Cox"
0.730402353656211,0.693984882085653,"Clinical Cox"
1.66421138415029,-0.748759503268024,"Clinical Cox"
1.25643023025387,0.146190072773863,"Clinical Cox"
-0.162083107963306,-0.844076888592094,"Clinical Cox"
2.17830146260248,0.184547353031868,"Clinical Cox"
0.761107998932462,1.62969580857318,"Clinical Cox"
1.68001478536622,0.617937200264204,"Clinical Cox"
0.835948238656688,-0.107590016809792,"Clinical Cox"
0.695033461939293,0.721549454891592,"Clinical Cox"
0.67043064706362,-1.47765425280418,"Clinical Cox"
1.41253231438029,0.82526751795119,"Clinical Cox"
1.53155502394609,0.353438989926744,"Clinical Cox"
0.285816850044239,1.14652583808456,"Clinical Cox"
1.23998215636874,-0.359243592143387,"Clinical Cox"
0.557246231220702,0.444330617447283,"Clinical Cox"
0.368883811119207,-1.68273298875763,"Clinical Cox"
1.45891734816589,1.21642888736067,"Clinical Cox"
0.390771238368706,-1.21767027001483,"Clinical Cox"
1.36812435107888,2.0614928507476,"Clinical Cox"
0.437177473181463,0.616331923383291,"Clinical Cox"
0.6272101737649,-1.36402390227371,"Clinical Cox"
0.705671062557376,-1.99135015073038,"Clinical Cox"
0.987746731573637,0.285449686298348,"Clinical Cox"
5.78027470470764,0.711632361671817,"Selected-gene Cox"
0.613952941717613,0.545900140532096,"Selected-gene Cox"
3.31923080389285,-0.364853796111174,"Selected-gene Cox"
2.88725525621694,-0.10818759515785,"Selected-gene Cox"
4.18836515939408,1.03209871385672,"Selected-gene Cox"
-1.24159827096936,-0.549572375646012,"Selected-gene Cox"
2.90955601481293,-0.131387468002048,"Selected-gene Cox"
4.93535288370109,0.459498947489916,"Selected-gene Cox"
2.06739957869871,-0.0425718817467673,"Selected-gene Cox"
1.03318812934953,0.493136021954622,"Selected-gene Cox"
-0.885465920936831,1.1652415458472,"Selected-gene Cox"
2.45660774522651,-0.00872964203184074,"Selected-gene Cox"
0.282469831042055,2.06679146958443,"Selected-gene Cox"
4.38561167385343,-0.0308316913857641,"Selected-gene Cox"
1.25337245674115,2.27956520821662,"Selected-gene Cox"
3.74692565894983,1.32003252595441,"Selected-gene Cox"
2.5412110243957,1.66389524246409,"Selected-gene Cox"
-1.15347864536674,0.889102171094428,"Selected-gene Cox"
2.09894025560823,0.612578606584561,"Selected-gene Cox"
2.01180204670204,0.682017314301804,"Selected-gene Cox"
-0.542518728540855,-0.712601923009647,"Selected-gene Cox"
-0.462818183469928,-1.01471491721741,"Selected-gene Cox"
1.44022072403974,-0.627131880556621,"Selected-gene Cox"
2.25949705716801,-1.76348301145065,"Selected-gene Cox"
3.18603715680773,0.979396590670164,"Selected-gene Cox"
2.80795019779655,-1.31762802530549,"Selected-gene Cox"
0.577072938132777,0.752798164297508,"Selected-gene Cox"
2.68876948934044,-0.477322741969068,"Selected-gene Cox"
2.58602203390418,-1.47412859746479,"Selected-gene Cox"
1.89454164432104,0.506694972303064,"Selected-gene Cox"
3.65280683372162,1.99381726948218,"Selected-gene Cox"
0.580322069036634,0.248249071471601,"Selected-gene Cox"
3.05827292468857,1.71329014299392,"Selected-gene Cox"
-0.594398048183515,-1.11040577986723,"Selected-gene Cox"
4.59868857904059,0.216626513103928,"Selected-gene Cox"
4.49917400726193,-0.624970412639671,"Selected-gene Cox"
3.30821623563805,-0.159072537095845,"Selected-gene Cox"
-0.204001765529184,-0.795414449893717,"Selected-gene Cox"
-1.58622834297977,-0.342000970629904,"Selected-gene Cox"
1.29761768063391,0.75636779184902,"Selected-gene Cox"
5.58548478397461,0.859103456380638,"Selected-gene Cox"
1.36403464072096,-0.297669179292526,"Selected-gene Cox"
0.0902250988833702,1.7042925652394,"Selected-gene Cox"
4.80631317683141,0.567454456472744,"Selected-gene Cox"
1.16882529412736,-1.26727393136807,"Selected-gene Cox"
1.25459774436329,-0.353830421056036,"Selected-gene Cox"
4.13288091226537,-0.206702040093753,"Selected-gene Cox"
2.02177233550854,1.45545765975296,"Selected-gene Cox"
1.55718920976699,0.164388830462486,"Selected-gene Cox"
0.432139404972195,-1.63485243746189,"Selected-gene Cox"
2.15588828165869,-0.133673582761968,"Selected-gene Cox"
3.83131365278965,-0.234973210490792,"Selected-gene Cox"
0.168733405472798,-0.984534386411564,"Selected-gene Cox"
-1.07135189495248,-0.874807508233943,"Selected-gene Cox"
-1.94387294979023,2.28566108990122,"Selected-gene Cox"
-0.404550992705586,-0.763495186154701,"Selected-gene Cox"
1.55717948369625,-0.0599239869554827,"Selected-gene Cox"
0.498744034105973,-1.00008758568658,"Selected-gene Cox"
1.40155173837222,0.0947753018506745,"Selected-gene Cox"
1.25306215746827,0.852986065644304,"Selected-gene Cox"
1.63410289270853,2.11211918443362,"Selected-gene Cox"
2.03518823476985,1.09551881617583,"Selected-gene Cox"
3.24169630380747,-0.715522508619947,"Selected-gene Cox"
2.52170391547384,1.40934691718489,"Selected-gene Cox"
1.42095342825531,1.3484625343323,"Selected-gene Cox"
0.677962917823293,-1.27001448060246,"Selected-gene Cox"
3.8245010962783,1.91097701378782,"Selected-gene Cox"
5.48130954136212,0.934746439803885,"Selected-gene Cox"
0.627651200935694,1.27831399508874,"Selected-gene Cox"
-0.219492403391492,-0.837512437491388,"Selected-gene Cox"
4.30304666570364,-0.789406403575019,"Selected-gene Cox"
0.331803072436519,1.37218385421206,"Selected-gene Cox"
2.50003473169062,-0.172461728247276,"Selected-gene Cox"
2.73408857299087,2.39767631737787,"Selected-gene Cox"
2.60644671118946,-0.549315784443721,"Selected-gene Cox"
1.45143094683495,-0.140872803045275,"Selected-gene Cox"
-0.991024314176003,1.15265988523383,"Selected-gene Cox"
1.26583683482447,0.536193848300826,"Selected-gene Cox"
4.40552453113174,-0.0510170537707141,"Selected-gene Cox"
4.31508409393093,0.943199912096622,"Selected-gene Cox"
1.82471427967748,1.08940506302427,"Selected-gene Cox"
3.68803701154257,0.235413634762683,"Selected-gene Cox"
1.08795296332985,-0.172302648494176,"Selected-gene Cox"
2.20354506433438,0.526826282337058,"Selected-gene Cox"
2.36791890097049,0.386482146921275,"Selected-gene Cox"
1.12689352206453,1.08431203459046,"Selected-gene Cox"
2.10097200746932,0.610938271433212,"Selected-gene Cox"
3.68293534463157,0.240119234811938,"Selected-gene Cox"
2.4979225833155,-1.47222257260894,"Selected-gene Cox"
3.65254104907221,-1.0188950730695,"Selected-gene Cox"
3.24628959274544,0.338659994835456,"Selected-gene Cox"
4.50742450719792,0.300200266217613,"Selected-gene Cox"
-0.322317443980235,-0.643401550501001,"Selected-gene Cox"
4.42145952220826,1.60031037954971,"Selected-gene Cox"
2.30562276367619,0.602561859948833,"Selected-gene Cox"
-1.40188455837694,-0.653469490236647,"Selected-gene Cox"
4.54531885333328,0.773608240739991,"Selected-gene Cox"
1.46508356147882,0.250238042202123,"Selected-gene Cox"
0.961367667193943,0.678599487202082,"Selected-gene Cox"
4.0914733098829,0.252386021430398,"Selected-gene Cox"
-3.69885506064555,-0.154219743080619,"Selected-gene Cox"
3.65563103520829,1.99247574149802,"Selected-gene Cox"
-1.89529189253413,-0.427725089763185,"Selected-gene Cox"
1.2554203296194,-1.45998436915963,"Selected-gene Cox"
2.38852270019196,0.368384859027899,"Selected-gene Cox"
3.21565272462773,2.19361947366745,"Selected-gene Cox"
2.96565171810925,-1.00656729875074,"Selected-gene Cox"
0.396191491740463,2.4404233831184,"Selected-gene Cox"
1.4319342810127,2.88483519874776,"Selected-gene Cox"
1.69277117276079,0.157526948809733,"Selected-gene Cox"
2.95267706774166,-0.551081025985238,"Selected-gene Cox"
0.149934800693937,-0.917289013489108,"Selected-gene Cox"
2.44550472773911,-2.56747989325306,"Selected-gene Cox"
1.48719940292826,0.0820729960232346,"Selected-gene Cox"
4.39075401733439,1.61724158767411,"Selected-gene Cox"
4.59677120599718,1.50143567058637,"Selected-gene Cox"
0.971668288072723,-1.57382506676005,"Selected-gene Cox"
3.8329350132275,-0.236724463874062,"Selected-gene Cox"
1.40688979868135,0.416605673166547,"Selected-gene Cox"
1.38686861566262,0.0137516687161,"Selected-gene Cox"
5.24182648738668,0.185183087671818,"Selected-gene Cox"
2.16391148894817,1.8598373811141,"Selected-gene Cox"
-0.253771112895319,-1.00349388375385,"Selected-gene Cox"
4.36139143384573,-1.18225319858724,"Selected-gene Cox"
3.61030293264606,0.662634796786974,"Selected-gene Cox"
3.26887930416706,-1.84359072403748,"Selected-gene Cox"
5.30810865945859,1.05589367601048,"Selected-gene Cox"
7.02395001406769,-2.15305726216169,"Selected-gene Cox"
4.50276918970425,-0.629353321869556,"Selected-gene Cox"
3.02789646295208,0.526708129754134,"Selected-gene Cox"
-0.499249365553176,1.39728050028175,"Selected-gene Cox"
3.20487231963492,0.375302240457258,"Selected-gene Cox"
1.53896163224495,0.449768184914667,"Selected-gene Cox"
-0.538340979603933,2.33089031236482,"Selected-gene Cox"
-2.76882067790024,-0.176938174624471,"Selected-gene Cox"
-0.141861921282546,0.460446183268636,"Selected-gene Cox"
-0.697098622465833,-0.621611233602758,"Selected-gene Cox"
0.98706988434908,-0.213175056563738,"Selected-gene Cox"
2.60763294804589,1.62779657371022,"Selected-gene Cox"
-0.590717065445359,-0.580048842416386,"Selected-gene Cox"
0.50401919492626,0.572249924180033,"Selected-gene Cox"
0.538317735715454,-1.15288531654972,"Selected-gene Cox"
-0.259264073186244,1.62313678422566,"Selected-gene Cox"
0.393193636059987,-0.920138833538099,"Selected-gene Cox"
-0.464453966042325,-1.18494641841728,"Selected-gene Cox"
0.895429305868442,-1.43063884159049,"Selected-gene Cox"
0.800597440937605,0.267367344319273,"Selected-gene Cox"
0.633022797422575,0.530085505753519,"Selected-gene Cox"
3.85226021817211,0.079727324379764,"Selected-gene Cox"
3.06437376121213,-0.0904383677662199,"Selected-gene Cox"
0.378580099896785,-0.837949824826666,"Selected-gene Cox"
-0.75866216814805,-0.613492516420721,"Selected-gene Cox"
-2.48620178858279,-0.318309992631578,"Selected-gene Cox"
3.80330855517473,1.28499477078859,"Selected-gene Cox"
-0.436790487099096,-1.20145016319392,"Selected-gene Cox"
1.67220851183032,-2.26178651807546,"Selected-gene Cox"
0.747086308221088,-0.0550520870554745,"Selected-gene Cox"
1.08948142208597,-1.46732443062645,"Selected-gene Cox"
1.52932618996954,0.190628050837217,"Selected-gene Cox"
2.03486056880447,-0.708972250719713,"Selected-gene Cox"
1.17947728162943,-2.37553217551765,"Selected-gene Cox"
1.04126613431965,-0.526591023157491,"Selected-gene Cox"
3.26021181068029,0.110510914402445,"Selected-gene Cox"
1.78032986636032,0.858245714019936,"Selected-gene Cox"
1.9056961409951,0.117100749174064,"Selected-gene Cox"
2.97886593255252,2.29587944718005,"Selected-gene Cox"
2.03574645536369,-0.590772197155613,"Selected-gene Cox"
1.62395478079818,0.307471509593384,"Selected-gene Cox"
5.05365891656518,-0.239416131105738,"Selected-gene Cox"
2.80557134830703,1.51709973265514,"Selected-gene Cox"
1.97976386004523,-0.523942082188244,"Selected-gene Cox"
2.8691501304819,2.3419784936725,"Selected-gene Cox"
0.277227128750293,0.884572396347969,"Selected-gene Cox"
0.612288397834487,-1.0585073588474,"Selected-gene Cox"
2.60765388736595,-0.00541036786582048,"Selected-gene Cox"
3.34945137732791,0.0232543594201528,"Selected-gene Cox"
3.01647000002702,-1.82716688303538,"Selected-gene Cox"
0.649208105384772,1.89168016400786,"Selected-gene Cox"
2.86349373757958,0.908542086538307,"Selected-gene Cox"
2.9924141374477,-0.851304800763474,"Selected-gene Cox"
0.434452744710615,-1.5892197418609,"Selected-gene Cox"
2.50808307793327,-0.0608022508899364,"Selected-gene Cox"
2.17923616213318,0.838545563845606,"Selected-gene Cox"
-0.993640847351388,-0.801446083890685,"Selected-gene Cox"
5.20767790671682,0.21708138942574,"Selected-gene Cox"
1.01555220541336,-1.65787486728193,"Selected-gene Cox"
4.10987418723408,1.76713758711105,"Selected-gene Cox"
2.10548839399139,-0.504003124552234,"Selected-gene Cox"
-0.243184655574447,-0.827649692550663,"Selected-gene Cox"
4.49700357792438,1.5581716979449,"Selected-gene Cox"
2.73953919636873,0.996668117844922,"Selected-gene Cox"
1.7375730138057,0.274409233299778,"Selected-gene Cox"
-2.01086368329364,1.51853199863584,"Selected-gene Cox"
1.76184666025057,-1.29927845471544,"Selected-gene Cox"
1.24641520526183,-1.04362376940857,"Selected-gene Cox"
-0.515051182706729,-0.602414202314441,"Selected-gene Cox"
2.97377782076924,-0.1991932756759,"Selected-gene Cox"
-0.745424685741075,-0.643852699945792,"Selected-gene Cox"
3.40760526733371,0.191289898224468,"Selected-gene Cox"
-1.28821706860052,-0.364147730940504,"Selected-gene Cox"
0.32174884868843,1.1401395002972,"Selected-gene Cox"
1.2049104018365,-0.127118349297419,"Selected-gene Cox"
-1.64900769436925,-0.347132329212875,"Selected-gene Cox"
2.15949971543975,0.00310696885871071,"Selected-gene Cox"
4.03134502437528,1.13822070715409,"Selected-gene Cox"
3.92969548830281,0.00336380270501292,"Selected-gene Cox"
2.32517460100568,2.55977368755724,"Selected-gene Cox"
3.32226878900114,1.2033536598736,"Selected-gene Cox"
-0.117459675076236,1.27603855703394,"Selected-gene Cox"
1.97750386918415,0.984211227012981,"Selected-gene Cox"
3.33691161690707,0.256803511997686,"Selected-gene Cox"
3.94920620423315,1.84910464850611,"Selected-gene Cox"
-0.7600986161691,-0.483069920692767,"Selected-gene Cox"
2.75074339721249,-0.152262916521219,"Selected-gene Cox"
0.301406886288767,-1.05206014705459,"Selected-gene Cox"
1.02092608019937,1.25461167547167,"Selected-gene Cox"
2.23355305123058,0.206946834628566,"Selected-gene Cox"
2.17825353491661,1.36216603130296,"Selected-gene Cox"
-0.413087410883567,2.59195108236333,"Selected-gene Cox"
-1.55054798289594,-0.688424619866527,"Selected-gene Cox"
0.411833440047432,-0.218387695257777,"Selected-gene Cox"
-0.0768949120267974,-1.43832189601072,"Selected-gene Cox"
-0.0888820210639052,-0.894031764666103,"Selected-gene Cox"
2.41075267079741,0.516053180994235,"Selected-gene Cox"
2.1164391478443,-0.173278285611913,"Selected-gene Cox"
0.904092337881215,0.383532023773926,"Selected-gene Cox"
4.01663071393298,0.320260328370531,"Selected-gene Cox"
3.39192647555083,-0.680036048137444,"Selected-gene Cox"
1.08610971072046,-2.20135185325352,"Selected-gene Cox"
5.94331899448202,-0.557792441011784,"Selected-gene Cox"
-0.687400898074684,1.30382085662678,"Selected-gene Cox"
0.740938742337685,-1.02318959973972,"Selected-gene Cox"
1.8050757189732,-2.80923220753132,"Selected-gene Cox"
2.39528840292421,-0.307091424838461,"Selected-gene Cox"
0.790174120507561,1.02547724587612,"Selected-gene Cox"
2.34958936353483,1.03971884214014,"Selected-gene Cox"
-0.209578416209717,-0.807311783010156,"Selected-gene Cox"
5.45182753040544,0.955766492526401,"Selected-gene Cox"
3.88032462486707,0.815500038628015,"Selected-gene Cox"
-0.309679498310341,1.59941444049382,"Selected-gene Cox"
2.26144805419745,0.322494131055022,"Selected-gene Cox"
3.36735978437629,0.848593692217554,"Selected-gene Cox"
-0.943625430945704,-0.628323304067859,"Selected-gene Cox"
-1.53717082827725,-0.592995410723551,"Selected-gene Cox"
4.89236562292061,1.32555505048894,"Selected-gene Cox"
5.00763633322771,-0.732145624543628,"Selected-gene Cox"
3.32800305221575,-0.601789173197464,"Selected-gene Cox"
3.89120747520337,0.807339367482062,"Selected-gene Cox"
3.96741274307309,1.83994624957448,"Selected-gene Cox"
-0.873278723088551,-0.625649792672648,"Selected-gene Cox"
1.15870496844121,1.16587575140874,"Selected-gene Cox"
1.95400716173637,-0.236786353187398,"Selected-gene Cox"
-1.59142782480591,1.59071817993166,"Selected-gene Cox"
0.998817852177924,1.49333133176539,"Selected-gene Cox"
1.94389906665741,1.00771318759688,"Selected-gene Cox"
3.25825561116387,1.60517795170632,"Selected-gene Cox"
-0.0565810471759782,2.12141273487861,"Selected-gene Cox"
-0.925826150151159,1.85609369641234,"Selected-gene Cox"
0.336151803898732,-0.820360662421638,"Selected-gene Cox"
-1.02902870475528,-0.893517094664028,"Selected-gene Cox"
2.93306339218112,-0.774891920225032,"Selected-gene Cox"
-0.234428232779034,-1.3293770162627,"Selected-gene Cox"
4.94124059142166,0.454471819505681,"Selected-gene Cox"
2.42083534532138,-1.3552578351352,"Selected-gene Cox"
0.0724095934285724,1.97875429712293,"Selected-gene Cox"
4.03416316478755,-0.461963020620186,"Selected-gene Cox"
4.47816512234501,-1.35275243977682,"Selected-gene Cox"
0.418459302173832,-1.10514165583826,"Selected-gene Cox"
-0.315348292373483,-0.772883229972102,"Selected-gene Cox"
1.19407958083883,-1.10306293877796,"Selected-gene Cox"
-0.762590901133729,-0.6244468777922,"Selected-gene Cox"
2.89464796115472,-0.307371498520216,"Selected-gene Cox"
4.69177051547358,0.65986039353489,"Selected-gene Cox"
2.36895767142115,0.0779082265060002,"Selected-gene Cox"
0.637853659963843,1.07698128531434,"Selected-gene Cox"
1.27725828227838,0.980615315712152,"Selected-gene Cox"
-1.18254851149735,-0.376970856459308,"Selected-gene Cox"
-0.681771185679646,-0.595336947782936,"Selected-gene Cox"
0.276734074099696,1.53861338946864,"Selected-gene Cox"
4.36787087516568,0.905263241212241,"Selected-gene Cox"
-1.12657424449397,-0.532133923611729,"Selected-gene Cox"
-2.72663289834432,-0.308349231249361,"Selected-gene Cox"
-0.158862376547851,-0.930234194594288,"Selected-gene Cox"
2.39747468467269,-1.32050456908789,"Selected-gene Cox"
1.26880339773214,-1.42557346811607,"Selected-gene Cox"
1.57846113358949,1.00295362613631,"Selected-gene Cox"
-0.709962977737603,-1.04806232147983,"Selected-gene Cox"
2.66074373280963,0.298875163213453,"Selected-gene Cox"
1.88263009916305,-0.810803163157938,"Selected-gene Cox"
3.52827740210308,-1.3156227543628,"Selected-gene Cox"
-0.428074795796658,-1.20669732241376,"Selected-gene Cox"
4.66918732482184,0.150374468931207,"Selected-gene Cox"
2.00944823837619,1.26372657611856,"Selected-gene Cox"
-1.01572929308084,0.876290606252618,"Selected-gene Cox"
-0.858432937282843,-0.85750040883369,"Selected-gene Cox"
4.54726715782799,-1.1164427262461,"Selected-gene Cox"
5.24515997587681,-0.453582272083222,"Selected-gene Cox"
1.49435755763031,1.06096866515628,"Selected-gene Cox"
0.348841917991937,0.361099491263022,"Selected-gene Cox"
3.22998151939734,1.26227540909684,"Selected-gene Cox"
4.45551058406198,-0.102287441837751,"Selected-gene Cox"
0.967646932328263,0.547833293989285,"Selected-gene Cox"
0.964797823128297,0.58421383956287,"Selected-gene Cox"
-2.31513237441811,-0.413919676649387,"Selected-gene Cox"
5.00019519088196,-0.182133237210949,"Selected-gene Cox"
2.23334279529619,-0.299557223625108,"Selected-gene Cox"
3.921470512527,0.0115683179994879,"Selected-gene Cox"
5.62400362430767,-0.197383064233611,"Selected-gene Cox"
1.80984248654066,-0.24938026611559,"Selected-gene Cox"
2.97945691872925,0.82335153702577,"Selected-gene Cox"
0.724375074936429,2.12089404522984,"Selected-gene Cox"
1.45105713763312,0.636291329452368,"Selected-gene Cox"
-0.478912964905927,-0.771509925058188,"Selected-gene Cox"
1.48421578674552,-0.722395131619736,"Selected-gene Cox"
2.108828929754,0.890300598222109,"Selected-gene Cox"
0.772386606499538,1.62072507484441,"Selected-gene Cox"
-0.997456542865193,2.51652990461184,"Selected-gene Cox"
2.43372539565827,-0.640928934395484,"Selected-gene Cox"
5.44346067905636,0.961701457322862,"Selected-gene Cox"
0.429287496359799,-0.30152764441003,"Selected-gene Cox"
3.36447700903077,0.850724607582033,"Selected-gene Cox"
1.49474269798385,-0.44501239481682,"Selected-gene Cox"
2.54358109645419,-0.475289147819246,"Selected-gene Cox"
2.11753900067722,0.750811684106989,"Selected-gene Cox"
3.85083978488476,0.0811099391354074,"Selected-gene Cox"
0.606126677688812,2.35472149224486,"Selected-gene Cox"
0.0844323087484282,-0.953727381807105,"Selected-gene Cox"
3.19776268191175,1.63836502298653,"Selected-gene Cox"
3.19257344605269,-0.0395812651005844,"Selected-gene Cox"
4.75627560689149,-0.953515088101574,"Selected-gene Cox"
4.68696127993712,-0.351460300506929,"Selected-gene Cox"
1.17385009917277,1.15593323888375,"Selected-gene Cox"
3.54859611387476,1.05290934631458,"Selected-gene Cox"
-1.10985740343695,-0.756202670358711,"Selected-gene Cox"
3.46739876557392,-0.0961179759030554,"Selected-gene Cox"
0.901365979718267,0.385920544641574,"Selected-gene Cox"
-0.163912968490085,0.992754090877445,"Selected-gene Cox"
0.193269829043937,0.815567040331655,"Selected-gene Cox"
5.11836256828261,1.18246324270857,"Selected-gene Cox"
1.72047160420379,-0.231199562833413,"Selected-gene Cox"
-1.154697813915,-0.543528005079331,"Selected-gene Cox"
0.512399375965724,-0.261772772759133,"Selected-gene Cox"
-0.745763445361785,1.98138145856783,"Selected-gene Cox"
-1.4418556163849,-0.726873173784985,"Selected-gene Cox"
-0.372239540578439,-0.945778936561591,"Selected-gene Cox"
-0.842585279991908,1.398443525646,"Selected-gene Cox"
0.902116141854872,0.822473777674872,"Selected-gene Cox"
3.39967108229617,-0.0269957851542039,"Selected-gene Cox"
-1.30590832387279,-0.393457707654847,"Selected-gene Cox"
0.396217983105295,1.17554411925409,"Selected-gene Cox"
1.37745966300785,0.759530497761198,"Selected-gene Cox"
1.76198642793834,0.0911522840399318,"Selected-gene Cox"
1.76324150036253,-0.485800392199527,"Selected-gene Cox"
0.949543573724863,0.128091597984028,"Selected-gene Cox"
3.2414016215674,0.940140081661746,"Selected-gene Cox"
-1.32807241790472,-0.769425098061954,"Selected-gene Cox"
2.66423224742536,0.114523209777629,"Selected-gene Cox"
1.89198385659827,-0.170485398843788,"Selected-gene Cox"
1.3009520465681,2.50918523929109,"Selected-gene Cox"
3.95461251409252,0.375305894012845,"Selected-gene Cox"
0.410552181455423,0.0535332891047523,"Selected-gene Cox"
2.62764227659631,0.328609015906236,"Selected-gene Cox"
-0.816393659294784,-0.585617796598827,"Selected-gene Cox"
1.89111608187901,1.5308305813581,"Selected-gene Cox"
0.538984832241253,2.79335389761844,"Selected-gene Cox"
2.79541983888485,0.526774399449066,"Selected-gene Cox"
-0.517288550204731,-0.865580945749457,"Selected-gene Cox"
0.837516307683799,-1.33892500517928,"Selected-gene Cox"
3.85732226805555,1.25097590533555,"Selected-gene Cox"
0.963942165937842,0.676570572436726,"Selected-gene Cox"
1.47305481479695,0.162896145549868,"Selected-gene Cox"
2.19530818498162,0.53367629234488,"Selected-gene Cox"
1.88161001150263,-0.479679444612853,"Selected-gene Cox"
6.47451988594209,0.110702357273646,"Selected-gene Cox"
0.705448293878104,-0.15209847232049,"Selected-gene Cox"
6.15645950267834,0.402005266792433,"Selected-gene Cox"
5.48688469614945,-1.39265416279369,"Selected-gene Cox"
4.36303920848887,-0.866982445043764,"Selected-gene Cox"
6.8422505292051,-0.266256961449373,"Selected-gene Cox"
3.28937726353191,0.905643510771481,"Selected-gene Cox"
3.95154269194303,0.761639168817515,"Selected-gene Cox"
4.4126822224671,0.384450017549295,"Selected-gene Cox"
-0.146735334486752,-0.910904763841186,"Selected-gene Cox"
-0.305726717270424,1.64848733297865,"Selected-gene Cox"
-0.072742829579397,1.38882924437532,"Selected-gene Cox"
5.07325761521581,1.21166290226812,"Selected-gene Cox"
4.15072340730488,1.05793534656621,"Selected-gene Cox"
0.47536998113845,1.37210851650204,"Selected-gene Cox"
1.70239233245555,0.915058061825971,"Selected-gene Cox"
2.9434785846304,-0.540138883254318,"Selected-gene Cox"
-1.68217748352143,-0.361016764074051,"Selected-gene Cox"
1.24607578148724,-2.38465553892173,"Selected-gene Cox"
0.89706518291283,1.33185757303095,"Selected-gene Cox"
-0.699213216206463,0.898725854456107,"Selected-gene Cox"
3.02946947712944,2.27435002445048,"Selected-gene Cox"
5.02931255389069,-1.3391596172304,"Selected-gene Cox"
4.11909275986774,0.226927594855566,"Selected-gene Cox"
4.09999028622502,0.645784738168694,"Selected-gene Cox"
2.84351926967236,1.49531911391798,"Selected-gene Cox"
1.48611960024401,1.5743039882706,"Selected-gene Cox"
3.92500851362281,-0.608078016990575,"Selected-gene Cox"
3.06285623302982,2.26005082376104,"Selected-gene Cox"
4.663479579369,0.682209726118669,"Selected-gene Cox"
0.840119865199964,2.25591265965982,"Selected-gene Cox"
2.58717216647895,0.871011273638949,"Selected-gene Cox"
3.98127792458265,1.17116749895828,"Selected-gene Cox"
0.223436227820826,-0.936108371042748,"Selected-gene Cox"
1.572224779302,-1.55048506210451,"Selected-gene Cox"
1.43266474434599,-1.64640580715624,"Selected-gene Cox"
-1.65238800254518,-0.385549728051634,"Selected-gene Cox"
2.39000207460787,2.53469407280372,"Selected-gene Cox"
1.84786755153597,0.545567813002381,"Selected-gene Cox"
4.01938352385873,-0.0875823456523325,"Selected-gene Cox"
-0.0617111076539452,-0.660228893057951,"Selected-gene Cox"
3.84932541752885,0.466365558268248,"Selected-gene Cox"
-1.4480927585635,-0.724609899045503,"Selected-gene Cox"
0.552840725378902,0.595977672123564,"Selected-gene Cox"
4.41237987606963,-0.0579975134501851,"Selected-gene Cox"
0.582135549559062,0.748915155306554,"Selected-gene Cox"
5.28717246795646,1.07016517051806,"Selected-gene Cox"
2.55096279500609,-0.226832844918618,"Selected-gene Cox"
3.04928790457206,0.306966626075621,"Selected-gene Cox"
-3.42878593627581,-0.237186121642816,"Selected-gene Cox"
2.40097167056746,1.48032217630715,"Selected-gene Cox"
-0.420551380019652,-0.733279128683876,"Selected-gene Cox"
4.07204884403774,1.11112367590273,"Selected-gene Cox"
-0.906173957735485,-0.724181209826302,"Selected-gene Cox"
2.44373981994009,-1.85270444006337,"Selected-gene Cox"
0.653911475257698,0.473650471693292,"Selected-gene Cox"
1.08119417977913,-0.110807429819202,"Selected-gene Cox"
3.49250158058949,-1.04450283411619,"Selected-gene Cox"
5.18411983250419,-0.383744770584696,"Selected-gene Cox"
3.27836035316847,0.913605076815764,"Selected-gene Cox"
3.17352013040878,0.402727565082429,"Selected-gene Cox"
1.77823344501471,0.50737287029751,"Selected-gene Cox"
3.13535770182986,0.228402687801165,"Selected-gene Cox"
2.22693149464245,0.0195889977281419,"Selected-gene Cox"
4.65240564338828,1.46924228223769,"Selected-gene Cox"
4.18982915376348,1.72535286116368,"Selected-gene Cox"
2.46546550195539,0.958784496225603,"Selected-gene Cox"
0.706754793300625,0.0735399053065261,"Selected-gene Cox"
2.14499586839808,1.86927892438124,"Selected-gene Cox"
3.11721412425961,1.33249003805231,"Selected-gene Cox"
0.856212259923576,-1.15983597890759,"Selected-gene Cox"
2.79007170953314,-0.362861114071802,"Selected-gene Cox"
-0.129628369373272,-0.943931292546341,"Selected-gene Cox"
-0.505760467121767,-0.710011721724462,"Selected-gene Cox"
-0.0525824815012825,0.628125637779362,"Selected-gene Cox"
3.36790119615149,-0.222611451956964,"Selected-gene Cox"
3.10036731920132,-0.127752210078445,"Selected-gene Cox"
2.03545817662052,0.0669291481440391,"Selected-gene Cox"
6.2913979150684,0.282003937602139,"Selected-gene Cox"
3.22377167925638,0.6344811015481,"Selected-gene Cox"
2.23828589796732,-0.40993728452934,"Selected-gene Cox"
-0.696057220439688,-0.550288250942396,"Selected-gene Cox"
4.23820967287984,1.69973467827311,"Selected-gene Cox"
1.29622126906693,-0.563290287655276,"Selected-gene Cox"
-1.93065044383669,-0.355973786282268,"Selected-gene Cox"
3.17140420319696,-0.0182077091267276,"Selected-gene Cox"
3.86864720772544,-0.540451464587669,"Selected-gene Cox"
0.0509179236211281,1.61675667478834,"Selected-gene Cox"
1.00764557619469,2.18287494740552,"Selected-gene Cox"
1.23370394206834,-0.0193883589858773,"Selected-gene Cox"
-3.16505884142233,-0.270618127561996,"Selected-gene Cox"
-0.77539154454593,-1.01433047853754,"Selected-gene Cox"
2.42263666667066,0.651502359746668,"Selected-gene Cox"
1.90237598385089,-1.72854993265991,"Selected-gene Cox"
3.4912224239627,0.411562968710232,"Selected-gene Cox"
3.92413500065878,-0.607019341891907,"Selected-gene Cox"
-2.59260010759116,-0.255668647969813,"Selected-gene Cox"
4.43636330017937,1.59205178317423,"Selected-gene Cox"
-0.492510347739305,-1.27567257830721,"Selected-gene Cox"
2.6875935127917,1.03273805471212,"Selected-gene Cox"
-1.51431617753591,-0.424386261128563,"Selected-gene Cox"
4.40421028770863,-0.511243013012859,"Selected-gene Cox"
3.9665944986157,1.84035854789726,"Selected-gene Cox"
3.04429529324994,0.774504676341886,"Selected-gene Cox"
1.98834408271822,0.426887742629486,"Selected-gene Cox"
0.511240025316568,0.847876445352717,"Selected-gene Cox"
2.35723504316914,-0.112729164891927,"Selected-gene Cox"
-3.77850162182206,-0.114282897991724,"Selected-gene Cox"
3.71572611262718,0.209739722906858,"Selected-gene Cox"
3.24311779521554,1.2539701345451,"Selected-gene Cox"
1.670399285294,1.65332088656136,"Selected-gene Cox"
0.820693908949098,0.14796144874046,"Selected-gene Cox"
2.85978451486894,-0.442222261427135,"Selected-gene Cox"
0.876550685852483,-1.56109520403867,"Selected-gene Cox"
0.949851680884516,2.01684881574346,"Selected-gene Cox"
3.56912378136666,-0.446810813682334,"Selected-gene Cox"
0.342520163734386,1.74685915596359,"Selected-gene Cox"
1.78560399647104,-0.512026448661653,"Selected-gene Cox"
3.00595148310348,-1.87956180939575,"Selected-gene Cox"
0.116342537997198,-1.72961699666881,"Selected-gene Cox"
4.63734185586551,0.180488410282025,"Selected-gene Cox"
-1.95190211665852,-0.340989288305369,"Selected-gene Cox"
5.91248160828906,0.606743364461645,"Selected-gene Cox"
1.67144718606854,0.0542656682708915,"Selected-gene Cox"
1.24439685783418,-1.67019819647779,"Selected-gene Cox"
-1.78455971720481,-0.668612150033844,"Selected-gene Cox"
2.09083668219625,-0.0664366191769926,"Selected-gene Cox"
